transaction_id,donation_id,user_id,datetime,amount,status,reference,qr_code_url
372344,639704,350156,2024-02-01 03:41:29,1090,confirm,845809,https://www.example.com/qrcode/Ij7ISN
430330,639704,477099,2024-02-01 03:28:29,2579,confirm,163756,https://www.example.com/qrcode/JgE7hZ
463235,639704,664839,2024-02-01 04:12:29,866,confirm,650096,https://www.example.com/qrcode/6ApS1d
320190,639704,315601,2024-02-01 03:42:29,1280,confirm,138249,https://www.example.com/qrcode/X3ZEBs
450778,639704,167017,2024-02-01 04:01:29,1801,pending,221948,https://www.example.com/qrcode/T2Uuaa
120834,639704,800302,2024-02-01 03:31:29,1587,confirm,905710,https://www.example.com/qrcode/m81Qm9
911190,639704,542528,2024-02-01 03:20:29,160,confirm,357479,https://www.example.com/qrcode/xRNt7X
499575,639704,218570,2024-02-01 03:15:29,1953,pending,132550,https://www.example.com/qrcode/ggY8aG
330816,639704,182363,2024-02-01 03:39:29,2094,confirm,112996,https://www.example.com/qrcode/cGGAgV
280947,178844,184352,2024-09-06 07:16:00,204,pending,283368,https://www.example.com/qrcode/POF3el
399773,178844,415271,2024-09-06 07:33:00,1640,confirm,118054,https://www.example.com/qrcode/Emw1cL
126859,178844,864642,2024-09-06 06:58:00,2189,confirm,797506,https://www.example.com/qrcode/oLXKgQ
604877,178844,780660,2024-09-06 07:28:00,413,confirm,889489,https://www.example.com/qrcode/7inqwZ
403228,178844,335853,2024-09-06 07:01:00,1792,confirm,605425,https://www.example.com/qrcode/ZAxI59
907456,178844,168428,2024-09-06 06:44:00,782,confirm,562847,https://www.example.com/qrcode/64KhEd
199510,178844,494825,2024-09-06 06:29:00,960,pending,960310,https://www.example.com/qrcode/F7ZnxD
284403,178844,762974,2024-09-06 06:22:00,3672,confirm,251226,https://www.example.com/qrcode/Hipn4y
562015,178844,600694,2024-09-06 06:27:00,1457,pending,896443,https://www.example.com/qrcode/2WtsLe
375171,178844,218570,2024-09-06 06:36:00,1405,confirm,760874,https://www.example.com/qrcode/eBXPYD
809879,178844,182363,2024-09-06 08:22:00,2348,confirm,926748,https://www.example.com/qrcode/JflJmd
594659,178844,884279,2024-09-06 07:10:00,1240,confirm,983831,https://www.example.com/qrcode/iRYTJl
247217,178844,243189,2024-09-06 06:41:00,2928,confirm,316670,https://www.example.com/qrcode/dsXgu6
202560,134926,754430,2024-06-11 10:50:08,1997,confirm,601671,https://www.example.com/qrcode/D6eXdR
190529,134926,527562,2024-06-11 11:20:08,2773,pending,981975,https://www.example.com/qrcode/fTIEWB
571597,134926,664839,2024-06-11 12:02:08,4245,confirm,208158,https://www.example.com/qrcode/r8FOmU
572978,134926,315601,2024-06-11 11:19:08,562,confirm,316806,https://www.example.com/qrcode/CKdxUo
672790,134926,225855,2024-06-11 11:06:08,3101,confirm,789941,https://www.example.com/qrcode/JO3gDD
611205,134926,780660,2024-06-11 10:55:08,2772,confirm,660731,https://www.example.com/qrcode/tTRgBw
662826,134926,167017,2024-06-11 11:37:08,2062,confirm,392240,https://www.example.com/qrcode/TF0JEx
901619,134926,795462,2024-06-11 11:07:08,3674,confirm,403125,https://www.example.com/qrcode/468BHw
373665,251091,325374,2024-05-02 19:36:51,136,confirm,746430,https://www.example.com/qrcode/nQ3Brr
590388,251091,477099,2024-05-02 19:50:51,1479,confirm,340148,https://www.example.com/qrcode/TN7jM1
289119,251091,527562,2024-05-02 20:00:51,1897,confirm,642821,https://www.example.com/qrcode/JiF2vB
985216,251091,335853,2024-05-02 19:36:51,2651,confirm,700019,https://www.example.com/qrcode/WzJHPa
825880,251091,785203,2024-05-02 20:11:51,1620,confirm,252096,https://www.example.com/qrcode/zu0Zq2
159527,251091,167017,2024-05-02 19:36:51,550,pending,694977,https://www.example.com/qrcode/6sg7fM
553307,251091,576975,2024-05-02 19:44:51,323,pending,239053,https://www.example.com/qrcode/VgUoeq
678791,251091,310613,2024-05-02 19:37:51,2124,confirm,856941,https://www.example.com/qrcode/3gysQo
600589,691269,141277,2024-06-05 01:38:19,353,confirm,320675,https://www.example.com/qrcode/qmJItJ
915002,691269,325374,2024-06-05 01:43:19,91,confirm,541348,https://www.example.com/qrcode/qtBAjj
790346,691269,477099,2024-06-05 01:46:19,491,confirm,239257,https://www.example.com/qrcode/jfsnO8
607503,691269,760801,2024-06-05 01:38:19,516,confirm,198362,https://www.example.com/qrcode/euswI3
256071,691269,218570,2024-06-05 01:45:19,546,pending,615025,https://www.example.com/qrcode/S3EhkD
842864,691269,182363,2024-06-05 01:38:19,84,confirm,123437,https://www.example.com/qrcode/8AReTS
965105,691269,359531,2024-06-05 02:35:19,502,confirm,348986,https://www.example.com/qrcode/2VvlmN
530786,502010,117595,2024-03-30 03:56:39,101,confirm,207093,https://www.example.com/qrcode/I3cJ8p
656515,502010,225855,2024-03-30 03:30:39,971,confirm,979275,https://www.example.com/qrcode/dQAUFJ
777412,502010,791038,2024-03-30 03:24:39,675,confirm,684554,https://www.example.com/qrcode/2KvmGf
461886,502010,762974,2024-03-30 03:35:39,360,confirm,863963,https://www.example.com/qrcode/8BHwJD
633552,502010,355789,2024-03-30 03:24:39,1370,confirm,788155,https://www.example.com/qrcode/4tr8Cc
586770,502010,600694,2024-03-30 05:11:39,90,confirm,660745,https://www.example.com/qrcode/ljnIB6
853706,502010,542528,2024-03-30 04:03:39,945,confirm,191437,https://www.example.com/qrcode/K5aMIV
417475,502010,218570,2024-03-30 03:59:39,773,confirm,504063,https://www.example.com/qrcode/XPQaMs
